{
  "statistics": {
    "structured": {
      "R": {
        "mean": 1.0,
        "std": 5.514356055419453e-16,
        "min": 0.9999999999999988,
        "max": 1.000000000000001
      },
      "I_post": {
        "mean": 7.999999999999966,
        "std": 6.759498770648679e-15,
        "min": 7.999999999999944,
        "max": 7.999999999999984
      },
      "F": {
        "mean": 0.008296807926384731,
        "std": 0.022453665884327505,
        "min": 1.2357896020060949e-06,
        "max": 0.13966147391020753
      }
    },
    "randomised": {
      "R": {
        "mean": 1.0,
        "std": 1.1585750446303113e-15,
        "min": 0.9999999999999968,
        "max": 1.0000000000000049
      },
      "I_post": {
        "mean": 4.218107469568552,
        "std": 1.0799986577228122,
        "min": 1.2478920100220052,
        "max": 6.779086692402489
      },
      "F": {
        "mean": 0.022755637574743776,
        "std": 0.04408070258696827,
        "min": 4.9884877789360355e-05,
        "max": 0.29815824595151713
      }
    },
    "comparison": {
      "z_score_R": 0.0,
      "z_score_I_post": 3.5017566951477255,
      "R_difference": 0.0,
      "I_post_difference": 3.7818925304314144
    }
  },
  "config": {
    "n_qubits": 8,
    "n_qubits_A": 4,
    "n_qubits_B": 4,
    "circuit_depth": 12,
    "n_random_trials": 100,
    "n_experiment_trials": 100,
    "reversal_fraction": 0.33,
    "perturbation_sigma": 0.1,
    "random_seed": 42,
    "apply_noise": false,
    "p1_error": 0.001,
    "p2_error": 0.01
  },
  "timestamp": "2026-02-01T15:16:32.390171"
}